{
    "iteration": [
        0,
        1,
        2,
        3,
        4,
        5,
        6,
        7,
        8,
        9,
        10,
        11,
        12,
        13,
        14,
        15,
        16,
        17,
        18,
        19,
        20,
        21,
        22,
        23,
        24,
        25,
        26,
        27,
        28,
        29,
        30,
        31,
        32,
        33,
        34,
        35,
        36,
        37,
        38,
        39,
        40,
        41,
        42,
        43,
        44,
        45,
        46,
        47,
        48,
        49,
        50,
        51,
        52,
        53,
        54,
        55,
        56,
        57,
        58,
        59,
        60,
        61,
        62,
        63,
        64,
        65,
        66,
        67,
        68,
        69,
        70,
        71,
        72,
        73,
        74
    ],
    "rmse": [
        30.63672952165662,
        1.7449014569516035,
        1.3515001097679518,
        1.2778535446814037,
        1.2491921782153113,
        1.2277013937716394,
        1.2042026397496888,
        1.1727864505688443,
        1.1289800037400766,
        1.0751500680892825,
        1.017115058841836,
        0.9595303551511941,
        0.9041412830180993,
        0.852412983335672,
        0.8092415186792351,
        0.7728300914452582,
        0.7445111437923227,
        0.7233702218879731,
        0.7074188668950548,
        0.6957603715629898,
        0.6870271770386709,
        0.6803334757483661,
        0.6750383617072496,
        0.6706632534697015,
        0.6669473977401256,
        0.6637669788985058,
        0.6609716564025532,
        0.6585414882026657,
        0.6564435925547898,
        0.654627208859026,
        0.6530685287568485,
        0.6517065607693835,
        0.6505264694659832,
        0.6495077718864938,
        0.64865662157768,
        0.6479470676364317,
        0.647325135061967,
        0.6467973948542892,
        0.6463478988325602,
        0.645970810768667,
        0.645653837535155,
        0.6453815847307058,
        0.6451483899596391,
        0.6449429816174198,
        0.6447676433523467,
        0.644622565008594,
        0.6445013779040738,
        0.6443989263918809,
        0.6443084608372439,
        0.6442273027465494,
        0.6441595852991491,
        0.6441024907716508,
        0.644055071061331,
        0.6440128734314876,
        0.6439769550501601,
        0.6439462937107875,
        0.6439204332717452,
        0.6438979046698805,
        0.6438788265534826,
        0.6438620779670422,
        0.6438479300093853,
        0.6438358585400529,
        0.6438257247465013,
        0.6438178025205202,
        0.6438113748339797,
        0.6438060162210333,
        0.6438014318920019,
        0.643797529339698,
        0.6437945203239942,
        0.6437923095108502,
        0.6437905500768651,
        0.643788977897409,
        0.643787748431012,
        0.6437867137627247,
        0.643785847666623
    ],
    "time": [
        1085,
        362,
        324,
        318,
        325,
        324,
        342,
        343,
        344,
        348,
        338,
        330,
        321,
        307,
        276,
        272,
        264,
        261,
        260,
        259,
        264,
        261,
        262,
        263,
        263,
        273,
        272,
        272,
        265,
        266,
        268,
        266,
        268,
        269,
        266,
        266,
        267,
        266,
        266,
        266,
        266,
        268,
        265,
        267,
        266,
        266,
        267,
        267,
        265,
        267,
        267,
        267,
        266,
        268,
        266,
        267,
        267,
        266,
        271,
        266,
        267,
        268,
        266,
        267,
        270,
        269,
        269,
        270,
        267,
        267,
        269,
        275,
        276,
        290,
        269
    ]
}